{
  "palette (Hudson)": {
    "palette": {
      "text": {
        "primary": {
          "value": "#000000",
          "type": "color"
        },
        "secondary": {
          "value": "#444444",
          "type": "color"
        },
        "disabled": {
          "value": "#767676",
          "type": "color"
        },
        "contrastText": {
          "value": "{common.white}",
          "type": "color"
        }
      },
      "gray": {
        "50": {
          "value": "#fafafa",
          "type": "color"
        },
        "100": {
          "value": "#f5f5f5",
          "type": "color"
        },
        "200": {
          "value": "#eeeeee",
          "type": "color"
        },
        "300": {
          "value": "#e0e0e0",
          "type": "color"
        },
        "400": {
          "value": "#bdbdbd",
          "type": "color"
        },
        "500": {
          "value": "#9e9e9e",
          "type": "color"
        },
        "600": {
          "value": "#757575",
          "type": "color"
        },
        "700": {
          "value": "#616161",
          "type": "color"
        },
        "800": {
          "value": "#424242",
          "type": "color"
        },
        "900": {
          "value": "#212121",
          "type": "color"
        }
      },
      "primary": {
        "light": {
          "value": "{palette.gray.800}",
          "type": "color"
        },
        "main": {
          "value": "{palette.gray.900}",
          "type": "color"
        },
        "dark": {
          "value": "#000000",
          "type": "color"
        },
        "contrastText": {
          "value": "#ffffff",
          "type": "color"
        }
      },
      "error": {
        "light": {
          "value": "#F9E3E1",
          "type": "color"
        },
        "main": {
          "value": "#E22727",
          "type": "color"
        },
        "dark": {
          "value": "#860707",
          "type": "color"
        },
        "contrast": {
          "value": "#590707",
          "type": "color"
        }
      },
      "info": {
        "light": {
          "value": "#E2F6FF",
          "type": "color"
        },
        "main": {
          "value": "#0065C1",
          "type": "color"
        },
        "dark": {
          "value": "#004B86",
          "type": "color"
        },
        "contrast": {
          "value": "#002F54",
          "type": "color"
        }
      },
      "warning": {
        "light": {
          "value": "#FEEDE0",
          "type": "color"
        },
        "contrast": {
          "value": "#451E00",
          "type": "color"
        },
        "main": {
          "value": "#DA5F00",
          "type": "color"
        },
        "dark": {
          "value": "#672D00",
          "type": "color"
        }
      },
      "success": {
        "light": {
          "value": "#E6F5E7",
          "type": "color"
        },
        "main": {
          "value": "#138408",
          "type": "color"
        },
        "dark": {
          "value": "#0E4712",
          "type": "color"
        },
        "contrast": {
          "value": "#043207",
          "type": "color"
        }
      },
      "secondary": {
        "light": {
          "value": "#d29609",
          "type": "color"
        },
        "main": {
          "value": "#A17207",
          "type": "color"
        },
        "dark": {
          "value": "#694b04",
          "type": "color"
        },
        "contrastText": {
          "value": "#ffffff",
          "type": "color"
        }
      },
      "action": {
        "disabledBackground": {
          "value": "#e1e1e1",
          "type": "color"
        },
        "disabled": {
          "value": "#7E7E7E",
          "type": "color"
        }
      },
      "background": {
        "paper": {
          "value": "#ffffff",
          "type": "color"
        },
        "default": {
          "value": "{common.white}",
          "type": "color"
        }
      }
    },
    "common": {
      "white": {
        "value": "#fff",
        "type": "color"
      },
      "black": {
        "value": "#000000",
        "type": "color"
      }
    },
    "baseValue": {
      "value": "8px",
      "type": "spacing"
    },
    "spacing": {
      "10": {
        "value": "{baseValue} *7",
        "type": "spacing"
      },
      "11": {
        "value": "{baseValue} *8",
        "type": "spacing"
      },
      "12": {
        "value": "{baseValue} *9",
        "type": "spacing"
      },
      "13": {
        "value": "{baseValue} *10",
        "type": "spacing"
      },
      "01": {
        "value": "{baseValue} *0.25",
        "type": "spacing"
      },
      "02": {
        "value": "{baseValue} *0.5",
        "type": "spacing"
      },
      "03": {
        "value": "{baseValue} *1",
        "type": "spacing"
      },
      "04": {
        "value": "{baseValue} *1.5",
        "type": "spacing"
      },
      "05": {
        "value": "{baseValue} *2",
        "type": "spacing"
      },
      "06": {
        "value": "{baseValue} *3",
        "type": "spacing"
      },
      "07": {
        "value": "{baseValue} *4",
        "type": "spacing"
      },
      "08": {
        "value": "{baseValue} *5",
        "type": "spacing"
      },
      "09": {
        "value": "{baseValue} *6",
        "type": "spacing"
      }
    },
    "bold": {
      "value": "Bold",
      "type": "fontWeights"
    },
    "semi-bold": {
      "value": "Semibold",
      "type": "fontWeights"
    },
    "regular": {
      "value": "Regular",
      "type": "fontWeights"
    },
    "fontFamilies": {
      "proxima-nova": {
        "value": "Proxima Nova",
        "type": "fontFamilies"
      },
      "niveau-grotesk": {
        "value": "Niveau Grotesk",
        "type": "fontFamilies"
      }
    },
    "lineHeights": {
      "0": {
        "value": "{baseFont}*1",
        "type": "lineHeights"
      },
      "1": {
        "value": "{baseFont}*1.25",
        "type": "lineHeights"
      },
      "2": {
        "value": "{baseFont}*1.5",
        "type": "lineHeights"
      },
      "3": {
        "value": "{baseFont}*1.5",
        "type": "lineHeights"
      },
      "4": {
        "value": "{baseFont}*1.75",
        "type": "lineHeights"
      },
      "5": {
        "value": "{baseFont}*2",
        "type": "lineHeights"
      },
      "6": {
        "value": "{baseFont}*2.25",
        "type": "lineHeights"
      },
      "7": {
        "value": "{baseFont}*2.5",
        "type": "lineHeights"
      },
      "8": {
        "value": "{baseFont}*2.75",
        "type": "lineHeights"
      },
      "9": {
        "value": "{baseFont}*3",
        "type": "lineHeights"
      },
      "10": {
        "value": "{baseFont}*3.25",
        "type": "lineHeights"
      },
      "11": {
        "value": "{baseFont}*4",
        "type": "lineHeights"
      },
      "12": {
        "value": "{baseFont}*4.5",
        "type": "lineHeights"
      },
      "13": {
        "value": "{baseFont}*5",
        "type": "lineHeights"
      },
      "14": {
        "value": "{baseFont}*6",
        "type": "lineHeights"
      },
      "15": {
        "value": "{baseFont}*7",
        "type": "lineHeights"
      }
    },
    "fontWeights": {
      "proxima-nova-0": {
        "value": "Bold",
        "type": "fontWeights"
      },
      "proxima-nova-1": {
        "value": "Regular",
        "type": "fontWeights"
      },
      "proxima-nova-2": {
        "value": "Semibold",
        "type": "fontWeights"
      }
    },
    "fontSize": {
      "0": {
        "value": "{baseFont}*0.75",
        "type": "fontSizes"
      },
      "1": {
        "value": "{baseFont}*0.875",
        "type": "fontSizes"
      },
      "2": {
        "value": "{baseFont}*1",
        "type": "fontSizes"
      },
      "3": {
        "value": "{baseFont}*1.125",
        "type": "fontSizes"
      },
      "4": {
        "value": "{baseFont}*1.25",
        "type": "fontSizes"
      },
      "5": {
        "value": "{baseFont}*1.5",
        "type": "fontSizes"
      },
      "6": {
        "value": "{baseFont}*1.75",
        "type": "fontSizes"
      },
      "7": {
        "value": "{baseFont}*2",
        "type": "fontSizes"
      },
      "8": {
        "value": "{baseFont}*2.25",
        "type": "fontSizes"
      },
      "9": {
        "value": "{baseFont}*2.625",
        "type": "fontSizes"
      },
      "10": {
        "value": "{baseFont}*3",
        "type": "fontSizes"
      },
      "11": {
        "value": "{baseFont}*3.375",
        "type": "fontSizes"
      },
      "12": {
        "value": "{baseFont}*3.75",
        "type": "fontSizes"
      },
      "13": {
        "value": "{baseFont}*4.25",
        "type": "fontSizes"
      },
      "14": {
        "value": "{baseFont}*4.75",
        "type": "fontSizes"
      },
      "15": {
        "value": "{baseFont}*5.25",
        "type": "fontSizes"
      }
    },
    "letterSpacing": {
      "0": {
        "value": "0",
        "type": "letterSpacing"
      },
      "1": {
        "value": "1",
        "type": "letterSpacing"
      }
    },
    "paragraphSpacing": {
      "0": {
        "value": "0",
        "type": "paragraphSpacing"
      }
    },
    "Typography": {
      "Hero": {
        "Large": {
          "value": {
            "fontFamily": "{fontFamilies.proxima-nova}",
            "fontWeight": "{fontWeights.proxima-nova-0}",
            "lineHeight": "{lineHeights.12}",
            "fontSize": "{fontSize.12}",
            "letterSpacing": "{letterSpacing.0}",
            "paragraphSpacing": "{paragraphSpacing.0}",
            "textCase": "{textCase.none}",
            "textDecoration": "{textDecoration.none}"
          },
          "type": "typography"
        },
        "Medium": {
          "value": {
            "fontFamily": "{fontFamilies.proxima-nova}",
            "fontWeight": "{fontWeights.proxima-nova-0}",
            "lineHeight": "{lineHeights.9}",
            "fontSize": "{fontSize.9}",
            "letterSpacing": "{letterSpacing.0}",
            "paragraphSpacing": "{paragraphSpacing.0}",
            "textCase": "{textCase.none}",
            "textDecoration": "{textDecoration.none}"
          },
          "type": "typography"
        },
        "Small": {
          "value": {
            "fontFamily": "{fontFamilies.proxima-nova}",
            "fontWeight": "{fontWeights.proxima-nova-0}",
            "lineHeight": "{lineHeights.7}",
            "fontSize": "{fontSize.7}",
            "letterSpacing": "{letterSpacing.0}",
            "paragraphSpacing": "{paragraphSpacing.0}",
            "textCase": "{textCase.none}",
            "textDecoration": "{textDecoration.none}"
          },
          "type": "typography"
        }
      },
      "H1": {
        "Large": {
          "value": {
            "fontFamily": "{fontFamilies.niveau-grotesk}",
            "fontWeight": "{fontWeights.proxima-nova-0}",
            "lineHeight": "{lineHeights.12}",
            "fontSize": "{fontSize.12}",
            "letterSpacing": "{letterSpacing.0}",
            "paragraphSpacing": "{paragraphSpacing.0}",
            "textCase": "{textCase.none}",
            "textDecoration": "{textDecoration.none}"
          },
          "type": "typography"
        },
        "Small": {
          "value": {
            "fontFamily": "{fontFamilies.niveau-grotesk}",
            "fontWeight": "{fontWeights.proxima-nova-0}",
            "lineHeight": "{lineHeights.10}",
            "fontSize": "{fontSize.10}",
            "letterSpacing": "{letterSpacing.0}",
            "paragraphSpacing": "{paragraphSpacing.0}",
            "textCase": "{textCase.none}",
            "textDecoration": "{textDecoration.none}"
          },
          "type": "typography"
        }
      },
      "H2": {
        "Large": {
          "value": {
            "fontFamily": "{fontFamilies.niveau-grotesk}",
            "fontWeight": "{fontWeights.proxima-nova-0}",
            "lineHeight": "{lineHeights.11}",
            "fontSize": "{fontSize.11}",
            "letterSpacing": "{letterSpacing.0}",
            "paragraphSpacing": "{paragraphSpacing.0}",
            "textCase": "{textCase.none}",
            "textDecoration": "{textDecoration.none}"
          },
          "type": "typography"
        },
        "Small": {
          "value": {
            "fontFamily": "{fontFamilies.niveau-grotesk}",
            "fontWeight": "{fontWeights.proxima-nova-0}",
            "lineHeight": "{lineHeights.9}",
            "fontSize": "{fontSize.9}",
            "letterSpacing": "{letterSpacing.0}",
            "paragraphSpacing": "{paragraphSpacing.0}",
            "textCase": "{textCase.none}",
            "textDecoration": "{textDecoration.none}"
          },
          "type": "typography"
        }
      },
      "H3": {
        "Large": {
          "value": {
            "fontFamily": "{fontFamilies.niveau-grotesk}",
            "fontWeight": "{fontWeights.proxima-nova-0}",
            "lineHeight": "{lineHeights.10}",
            "fontSize": "{fontSize.10}",
            "letterSpacing": "{letterSpacing.0}",
            "paragraphSpacing": "{paragraphSpacing.0}",
            "textCase": "{textCase.none}",
            "textDecoration": "{textDecoration.none}"
          },
          "type": "typography"
        },
        "Small": {
          "value": {
            "fontFamily": "{fontFamilies.niveau-grotesk}",
            "fontWeight": "{fontWeights.proxima-nova-0}",
            "lineHeight": "{lineHeights.7}",
            "fontSize": "{fontSize.7}",
            "letterSpacing": "{letterSpacing.0}",
            "paragraphSpacing": "{paragraphSpacing.0}",
            "textCase": "{textCase.none}",
            "textDecoration": "{textDecoration.none}"
          },
          "type": "typography"
        }
      },
      "H4": {
        "Large": {
          "value": {
            "fontFamily": "{fontFamilies.niveau-grotesk}",
            "fontWeight": "{fontWeights.proxima-nova-0}",
            "lineHeight": "{lineHeights.8}",
            "fontSize": "{fontSize.8}",
            "letterSpacing": "{letterSpacing.0}",
            "paragraphSpacing": "{paragraphSpacing.0}",
            "textCase": "{textCase.none}",
            "textDecoration": "{textDecoration.none}"
          },
          "type": "typography"
        },
        "Small": {
          "value": {
            "fontFamily": "{fontFamilies.niveau-grotesk}",
            "fontWeight": "{fontWeights.proxima-nova-0}",
            "lineHeight": "{lineHeights.6}",
            "fontSize": "{fontSize.6}",
            "letterSpacing": "{letterSpacing.0}",
            "paragraphSpacing": "{paragraphSpacing.0}",
            "textCase": "{textCase.none}",
            "textDecoration": "{textDecoration.none}"
          },
          "type": "typography"
        }
      },
      "H5": {
        "Large": {
          "value": {
            "fontFamily": "{fontFamilies.niveau-grotesk}",
            "fontWeight": "{fontWeights.proxima-nova-0}",
            "lineHeight": "{lineHeights.7}",
            "fontSize": "{fontSize.7}",
            "letterSpacing": "{letterSpacing.0}",
            "paragraphSpacing": "{paragraphSpacing.0}",
            "textCase": "{textCase.none}",
            "textDecoration": "{textDecoration.none}"
          },
          "type": "typography"
        },
        "Small": {
          "value": {
            "fontFamily": "{fontFamilies.niveau-grotesk}",
            "fontWeight": "{fontWeights.proxima-nova-0}",
            "lineHeight": "{lineHeights.5}",
            "fontSize": "{fontSize.5}",
            "letterSpacing": "{letterSpacing.0}",
            "paragraphSpacing": "{paragraphSpacing.0}",
            "textCase": "{textCase.none}",
            "textDecoration": "{textDecoration.none}"
          },
          "type": "typography"
        }
      },
      "H6": {
        "Large": {
          "value": {
            "fontFamily": "{fontFamilies.niveau-grotesk}",
            "fontWeight": "{fontWeights.proxima-nova-0}",
            "lineHeight": "{lineHeights.6}",
            "fontSize": "{fontSize.6}",
            "letterSpacing": "{letterSpacing.0}",
            "paragraphSpacing": "{paragraphSpacing.0}",
            "textCase": "{textCase.none}",
            "textDecoration": "{textDecoration.none}"
          },
          "type": "typography"
        },
        "Small": {
          "value": {
            "fontFamily": "{fontFamilies.niveau-grotesk}",
            "fontWeight": "{fontWeights.proxima-nova-0}",
            "lineHeight": "{lineHeights.4}",
            "fontSize": "{fontSize.4}",
            "letterSpacing": "{letterSpacing.0}",
            "paragraphSpacing": "{paragraphSpacing.0}",
            "textCase": "{textCase.none}",
            "textDecoration": "{textDecoration.none}"
          },
          "type": "typography"
        }
      },
      "Body1": {
        "value": {
          "fontFamily": "{fontFamilies.proxima-nova}",
          "fontWeight": "{fontWeights.proxima-nova-1}",
          "lineHeight": "{lineHeights.2}",
          "fontSize": "{fontSize.2}",
          "letterSpacing": "{letterSpacing.0}",
          "paragraphSpacing": "{paragraphSpacing.0}",
          "textCase": "{textCase.none}",
          "textDecoration": "{textDecoration.none}"
        },
        "type": "typography"
      },
      "Body2": {
        "value": {
          "fontFamily": "{fontFamilies.proxima-nova}",
          "fontWeight": "{fontWeights.proxima-nova-1}",
          "lineHeight": "{lineHeights.1}",
          "fontSize": "{fontSize.1}",
          "letterSpacing": "{letterSpacing.0}",
          "paragraphSpacing": "{paragraphSpacing.0}",
          "textCase": "{textCase.none}",
          "textDecoration": "{textDecoration.none}"
        },
        "type": "typography"
      },
      "Link": {
        "Hover": {
          "value": {
            "fontFamily": "{fontFamilies.proxima-nova}",
            "fontWeight": "{fontWeights.proxima-nova-1}",
            "lineHeight": "{lineHeights.5}",
            "fontSize": "{fontSize.5}",
            "letterSpacing": "{letterSpacing.0}",
            "paragraphSpacing": "{paragraphSpacing.0}",
            "textCase": "{textCase.none}",
            "textDecoration": "{textDecoration.underline}"
          },
          "type": "typography"
        },
        "Standalone": {
          "value": {
            "fontFamily": "{fontFamilies.proxima-nova}",
            "fontWeight": "{fontWeights.proxima-nova-0}",
            "lineHeight": "{lineHeights.3}",
            "fontSize": "{fontSize.3}",
            "letterSpacing": "{letterSpacing.0}",
            "paragraphSpacing": "{paragraphSpacing.0}",
            "textCase": "{textCase.none}",
            "textDecoration": "none"
          },
          "type": "typography"
        },
        "Default": {
          "value": {
            "fontFamily": "{fontFamilies.proxima-nova}",
            "fontWeight": "{fontWeights.proxima-nova-1}",
            "lineHeight": "{lineHeights.5}",
            "fontSize": "{fontSize.5}",
            "letterSpacing": "{letterSpacing.0}",
            "paragraphSpacing": "{paragraphSpacing.0}",
            "textCase": "{textCase.none}",
            "textDecoration": "{textDecoration.underline}"
          },
          "type": "typography"
        }
      },
      "Subtitle": {
        "Large": {
          "value": {
            "fontFamily": "{fontFamilies.proxima-nova}",
            "fontWeight": "{fontWeights.proxima-nova-1}",
            "lineHeight": "{lineHeights.8}",
            "fontSize": "{fontSize.8}",
            "letterSpacing": "{letterSpacing.0}",
            "paragraphSpacing": "{paragraphSpacing.0}",
            "textCase": "{textCase.none}",
            "textDecoration": "{textDecoration.none}"
          },
          "type": "typography"
        },
        "Medium": {
          "value": {
            "fontFamily": "{fontFamilies.proxima-nova}",
            "fontWeight": "{fontWeights.proxima-nova-1}",
            "lineHeight": "{lineHeights.7}",
            "fontSize": "{fontSize.7}",
            "letterSpacing": "{letterSpacing.0}",
            "paragraphSpacing": "{paragraphSpacing.0}",
            "textCase": "{textCase.none}",
            "textDecoration": "{textDecoration.none}"
          },
          "type": "typography"
        },
        "Small": {
          "value": {
            "fontFamily": "{fontFamilies.proxima-nova}",
            "fontWeight": "{fontWeights.proxima-nova-1}",
            "lineHeight": "{lineHeights.6}",
            "fontSize": "{fontSize.6}",
            "letterSpacing": "{letterSpacing.0}",
            "paragraphSpacing": "{paragraphSpacing.0}",
            "textCase": "{textCase.none}",
            "textDecoration": "{textDecoration.none}"
          },
          "type": "typography"
        }
      },
      "Caption": {
        "Large": {
          "value": {
            "fontFamily": "{fontFamilies.proxima-nova}",
            "fontWeight": "{fontWeights.proxima-nova-1}",
            "lineHeight": "{lineHeights.2}",
            "fontSize": "{fontSize.2}",
            "letterSpacing": "{letterSpacing.0}",
            "paragraphSpacing": "{paragraphSpacing.0}",
            "textCase": "{textCase.none}",
            "textDecoration": "{textDecoration.none}"
          },
          "type": "typography"
        },
        "Small": {
          "value": {
            "fontFamily": "{fontFamilies.proxima-nova}",
            "fontWeight": "{fontWeights.proxima-nova-1}",
            "lineHeight": "{lineHeights.1}",
            "fontSize": "{fontSize.1}",
            "letterSpacing": "{letterSpacing.0}",
            "paragraphSpacing": "{paragraphSpacing.0}",
            "textCase": "{textCase.none}",
            "textDecoration": "{textDecoration.none}"
          },
          "type": "typography"
        }
      },
      "Overline": {
        "Large": {
          "value": {
            "fontFamily": "{fontFamilies.proxima-nova}",
            "fontWeight": "{fontWeights.proxima-nova-1}",
            "lineHeight": "{lineHeights.4}",
            "fontSize": "{fontSize.4}",
            "letterSpacing": "{letterSpacing.1}",
            "paragraphSpacing": "{paragraphSpacing.0}",
            "textCase": "{textCase.uppercase}",
            "textDecoration": "{textDecoration.none}"
          },
          "type": "typography"
        },
        "Small": {
          "value": {
            "fontFamily": "{fontFamilies.proxima-nova}",
            "fontWeight": "{fontWeights.proxima-nova-1}",
            "lineHeight": "{lineHeights.2}",
            "fontSize": "{fontSize.2}",
            "letterSpacing": "{letterSpacing.1}",
            "paragraphSpacing": "{paragraphSpacing.0}",
            "textCase": "{textCase.uppercase}",
            "textDecoration": "{textDecoration.none}"
          },
          "type": "typography"
        }
      },
      "Label1": {
        "value": {
          "fontFamily": "{fontFamilies.proxima-nova}",
          "fontWeight": "{fontWeights.proxima-nova-2}",
          "lineHeight": "{lineHeights.11}",
          "fontSize": "{fontSize.11}",
          "letterSpacing": "{letterSpacing.0}",
          "paragraphSpacing": "{paragraphSpacing.0}",
          "textCase": "{textCase.none}",
          "textDecoration": "{textDecoration.none}"
        },
        "type": "typography"
      },
      "Label2": {
        "value": {
          "fontFamily": "{fontFamilies.proxima-nova}",
          "fontWeight": "{fontWeights.proxima-nova-2}",
          "lineHeight": "{lineHeights.9}",
          "fontSize": "{fontSize.9}",
          "letterSpacing": "{letterSpacing.0}",
          "paragraphSpacing": "{paragraphSpacing.0}",
          "textCase": "{textCase.none}",
          "textDecoration": "{textDecoration.none}"
        },
        "type": "typography"
      },
      "Label3": {
        "value": {
          "fontFamily": "{fontFamilies.proxima-nova}",
          "fontWeight": "{fontWeights.proxima-nova-2}",
          "lineHeight": "{lineHeights.7}",
          "fontSize": "{fontSize.7}",
          "letterSpacing": "{letterSpacing.0}",
          "paragraphSpacing": "{paragraphSpacing.0}",
          "textCase": "{textCase.none}",
          "textDecoration": "{textDecoration.none}"
        },
        "type": "typography"
      },
      "Label4": {
        "value": {
          "fontFamily": "{fontFamilies.proxima-nova}",
          "fontWeight": "{fontWeights.proxima-nova-2}",
          "lineHeight": "{lineHeights.5}",
          "fontSize": "{fontSize.5}",
          "letterSpacing": "{letterSpacing.0}",
          "paragraphSpacing": "{paragraphSpacing.0}",
          "textCase": "{textCase.none}",
          "textDecoration": "{textDecoration.none}"
        },
        "type": "typography"
      },
      "Label5": {
        "value": {
          "fontFamily": "{fontFamilies.proxima-nova}",
          "fontWeight": "{fontWeights.proxima-nova-2}",
          "lineHeight": "{lineHeights.4}",
          "fontSize": "{fontSize.4}",
          "letterSpacing": "{letterSpacing.0}",
          "paragraphSpacing": "{paragraphSpacing.0}",
          "textCase": "{textCase.none}",
          "textDecoration": "{textDecoration.none}"
        },
        "type": "typography"
      },
      "Label6": {
        "value": {
          "fontFamily": "{fontFamilies.proxima-nova}",
          "fontWeight": "{fontWeights.proxima-nova-2}",
          "lineHeight": "{lineHeights.1}",
          "fontSize": "{fontSize.1}",
          "letterSpacing": "{letterSpacing.0}",
          "paragraphSpacing": "{paragraphSpacing.0}",
          "textCase": "{textCase.none}",
          "textDecoration": "{textDecoration.none}"
        },
        "type": "typography"
      }
    },
    "Components": {
      "Button": {
        "Large": {
          "value": {
            "fontFamily": "{fontFamilies.proxima-nova}",
            "fontWeight": "{fontWeights.proxima-nova-0}",
            "lineHeight": "{lineHeights.3}",
            "fontSize": "{fontSize.3}",
            "letterSpacing": "{letterSpacing.0}",
            "paragraphSpacing": "{paragraphSpacing.0}",
            "textCase": "{textCase.none}",
            "textDecoration": "{textDecoration.none}"
          },
          "type": "typography"
        },
        "Medium": {
          "value": {
            "fontFamily": "{fontFamilies.proxima-nova}",
            "fontWeight": "{fontWeights.proxima-nova-0}",
            "lineHeight": "20px",
            "fontSize": "{fontSize.2}",
            "letterSpacing": "{letterSpacing.0}",
            "paragraphSpacing": "{paragraphSpacing.0}",
            "textCase": "{textCase.none}",
            "textDecoration": "{textDecoration.none}"
          },
          "type": "typography"
        },
        "Small": {
          "value": {
            "fontFamily": "{fontFamilies.proxima-nova}",
            "fontWeight": "{fontWeights.proxima-nova-0}",
            "lineHeight": "18px",
            "fontSize": "{fontSize.1}",
            "letterSpacing": "{letterSpacing.0}",
            "paragraphSpacing": "{paragraphSpacing.0}",
            "textCase": "{textCase.none}",
            "textDecoration": "{textDecoration.none}"
          },
          "type": "typography"
        }
      },
      "Showcard": {
        "Subtitle": {
          "value": {
            "fontFamily": "{fontFamilies.proxima-nova}",
            "fontWeight": "{fontWeights.proxima-nova-1}",
            "lineHeight": "{lineHeights.2}",
            "fontSize": "{fontSize.2}",
            "letterSpacing": "{letterSpacing.0}",
            "paragraphSpacing": "{paragraphSpacing.0}",
            "textCase": "{textCase.none}",
            "textDecoration": "{textDecoration.none}"
          },
          "type": "typography"
        },
        "InfoBar": {
          "value": {
            "fontFamily": "{fontFamilies.proxima-nova}",
            "fontWeight": "{fontWeights.proxima-nova-0}",
            "lineHeight": "{lineHeights.2}",
            "fontSize": "{fontSize.2}",
            "letterSpacing": "{letterSpacing.0}",
            "paragraphSpacing": "{paragraphSpacing.0}",
            "textCase": "{textCase.none}",
            "textDecoration": "{textDecoration.none}"
          },
          "type": "typography"
        },
        "SubtitleBold": {
          "value": {
            "fontFamily": "{fontFamilies.proxima-nova}",
            "fontWeight": "{fontWeights.proxima-nova-0}",
            "lineHeight": "{lineHeights.2}",
            "fontSize": "{fontSize.2}",
            "letterSpacing": "{letterSpacing.0}",
            "paragraphSpacing": "{paragraphSpacing.0}",
            "textCase": "{textCase.none}",
            "textDecoration": "{textDecoration.none}"
          },
          "type": "typography"
        },
        "Title": {
          "value": {
            "fontFamily": "{fontFamilies.proxima-nova}",
            "fontWeight": "{fontWeights.proxima-nova-0}",
            "lineHeight": "{lineHeights.6}",
            "fontSize": "{fontSize.6}",
            "letterSpacing": "{letterSpacing.0}",
            "paragraphSpacing": "{paragraphSpacing.0}",
            "textCase": "{textCase.none}",
            "textDecoration": "{textDecoration.none}"
          },
          "type": "typography"
        }
      },
      "Hero": {
        "Subtitle": {
          "value": {
            "fontFamily": "{fontFamilies.proxima-nova}",
            "fontWeight": "{fontWeights.proxima-nova-0}",
            "lineHeight": "{lineHeights.5}",
            "fontSize": "{fontSize.5}",
            "letterSpacing": "{letterSpacing.0}",
            "paragraphSpacing": "{paragraphSpacing.0}",
            "textCase": "{textCase.none}",
            "textDecoration": "{textDecoration.none}"
          },
          "type": "typography"
        }
      },
      "Alert": {
        "Title": {
          "value": {
            "fontFamily": "{fontFamilies.proxima-nova}",
            "fontWeight": "{fontWeights.proxima-nova-2}",
            "lineHeight": "{lineHeights.4}",
            "fontSize": "{fontSize.5}",
            "letterSpacing": "{letterSpacing.0}",
            "paragraphSpacing": "{paragraphSpacing.0}",
            "textCase": "{textCase.none}",
            "textDecoration": "{textDecoration.none}"
          },
          "type": "typography"
        }
      },
      "Avatar": {
        "Initials": {
          "value": {
            "fontFamily": "{fontFamilies.proxima-nova}",
            "fontWeight": "{fontWeights.proxima-nova-1}",
            "lineHeight": "{lineHeights.4}",
            "fontSize": "{fontSize.7}",
            "letterSpacing": "{letterSpacing.0}",
            "paragraphSpacing": "{paragraphSpacing.0}",
            "textCase": "{textCase.none}",
            "textDecoration": "{textDecoration.none}"
          },
          "type": "typography"
        }
      },
      "Badge": {
        "Label": {
          "value": {
            "fontFamily": "{fontFamilies.proxima-nova}",
            "fontWeight": "{fontWeights.proxima-nova-2}",
            "lineHeight": "{lineHeights.4}",
            "fontSize": "{fontSize.2}",
            "letterSpacing": "{letterSpacing.0}",
            "paragraphSpacing": "{paragraphSpacing.0}",
            "textCase": "{textCase.none}",
            "textDecoration": "{textDecoration.none}"
          },
          "type": "typography"
        }
      },
      "Input": {
        "Label": {
          "value": {
            "fontFamily": "{fontFamilies.proxima-nova}",
            "fontWeight": "{fontWeights.proxima-nova-2}",
            "lineHeight": "24px",
            "fontSize": "{fontSize.5}",
            "letterSpacing": "{letterSpacing.0}",
            "paragraphSpacing": "{paragraphSpacing.0}",
            "textCase": "{textCase.none}",
            "textDecoration": "{textDecoration.none}"
          },
          "type": "typography"
        },
        "Text": {
          "value": {
            "fontFamily": "{fontFamilies.proxima-nova}",
            "fontWeight": "{fontWeights.proxima-nova-1}",
            "lineHeight": "24px",
            "fontSize": "{fontSize.4}",
            "letterSpacing": "{letterSpacing.0}",
            "paragraphSpacing": "{paragraphSpacing.0}",
            "textCase": "{textCase.none}",
            "textDecoration": "{textDecoration.none}"
          },
          "type": "typography"
        },
        "Helper": {
          "value": {
            "fontFamily": "{fontFamilies.proxima-nova}",
            "fontWeight": "{fontWeights.proxima-nova-1}",
            "lineHeight": "18px",
            "fontSize": "{fontSize.4}",
            "letterSpacing": "{letterSpacing.0}",
            "paragraphSpacing": "{paragraphSpacing.0}",
            "textCase": "{textCase.none}",
            "textDecoration": "{textDecoration.none}"
          },
          "type": "typography"
        }
      },
      "Helper": {
        "Text": {
          "value": {
            "fontFamily": "{fontFamilies.proxima-nova}",
            "fontWeight": "{fontWeights.proxima-nova-1}",
            "lineHeight": "{lineHeights.4}",
            "fontSize": "{fontSize.2}",
            "letterSpacing": "{letterSpacing.0}",
            "paragraphSpacing": "{paragraphSpacing.0}",
            "textCase": "{textCase.none}",
            "textDecoration": "{textDecoration.none}"
          },
          "type": "typography"
        }
      },
      "Chip": {
        "value": {
          "fontFamily": "{fontFamilies.proxima-nova}",
          "fontWeight": "{fontWeights.proxima-nova-1}",
          "lineHeight": "{lineHeights.4}",
          "fontSize": "{fontSize.3}",
          "letterSpacing": "{letterSpacing.0}",
          "paragraphSpacing": "{paragraphSpacing.0}",
          "textCase": "{textCase.none}",
          "textDecoration": "{textDecoration.none}"
        },
        "type": "typography"
      },
      "Tooltip": {
        "value": {
          "fontFamily": "{fontFamilies.proxima-nova}",
          "fontWeight": "{fontWeights.proxima-nova-2}",
          "lineHeight": "{lineHeights.4}",
          "fontSize": "{fontSize.0}",
          "letterSpacing": "{letterSpacing.0}",
          "paragraphSpacing": "{paragraphSpacing.0}",
          "textCase": "{textCase.none}",
          "textDecoration": "{textDecoration.none}"
        },
        "type": "typography"
      },
      "Table": {
        "Header": {
          "value": {
            "fontFamily": "{fontFamilies.proxima-nova}",
            "fontWeight": "{fontWeights.proxima-nova-2}",
            "lineHeight": "{lineHeights.4}",
            "fontSize": "{fontSize.4}",
            "letterSpacing": "{letterSpacing.0}",
            "paragraphSpacing": "{paragraphSpacing.0}",
            "textCase": "{textCase.none}",
            "textDecoration": "{textDecoration.none}"
          },
          "type": "typography"
        }
      },
      "Menu": {
        "Item": {
          "value": {
            "fontFamily": "{fontFamilies.proxima-nova}",
            "fontWeight": "{fontWeights.proxima-nova-1}",
            "lineHeight": "{lineHeights.4}",
            "fontSize": "{fontSize.5}",
            "letterSpacing": "{letterSpacing.0}",
            "paragraphSpacing": "{paragraphSpacing.0}",
            "textCase": "{textCase.none}",
            "textDecoration": "{textDecoration.none}"
          },
          "type": "typography",
          "Dense": {
            "value": {
              "fontFamily": "{fontFamilies.proxima-nova}",
              "fontWeight": "{fontWeights.proxima-nova-1}",
              "lineHeight": "{lineHeights.4}",
              "fontSize": "{fontSize.4}",
              "letterSpacing": "{letterSpacing.0}",
              "paragraphSpacing": "{paragraphSpacing.0}",
              "textCase": "{textCase.none}",
              "textDecoration": "{textDecoration.none}"
            },
            "type": "typography"
          }
        }
      },
      "List": {
        "Subheader": {
          "value": {
            "fontFamily": "{fontFamilies.proxima-nova}",
            "fontWeight": "{fontWeights.proxima-nova-2}",
            "lineHeight": "{lineHeights.4}",
            "fontSize": "{fontSize.4}",
            "letterSpacing": "{letterSpacing.0}",
            "paragraphSpacing": "{paragraphSpacing.0}",
            "textCase": "{textCase.none}",
            "textDecoration": "{textDecoration.none}"
          },
          "type": "typography"
        }
      },
      "Bottomnavigation": {
        "Active": {
          "Label": {
            "value": {
              "fontFamily": "{fontFamilies.proxima-nova}",
              "fontWeight": "{fontWeights.proxima-nova-1}",
              "lineHeight": "{lineHeights.4}",
              "fontSize": "{fontSize.4}",
              "letterSpacing": "{letterSpacing.0}",
              "paragraphSpacing": "{paragraphSpacing.0}",
              "textCase": "{textCase.none}",
              "textDecoration": "{textDecoration.none}"
            },
            "type": "typography"
          }
        }
      },
      "Infobar": {
        "text": {
          "value": {
            "fontFamily": "{fontFamilies.proxima-nova}",
            "fontWeight": "{fontWeights.proxima-nova-0}",
            "lineHeight": "{lineHeights.2}",
            "fontSize": "{fontSize.2}",
            "letterSpacing": "{letterSpacing.0}",
            "paragraphSpacing": "{paragraphSpacing.0}",
            "textCase": "{textCase.none}",
            "textDecoration": "{textDecoration.none}"
          },
          "type": "typography"
        }
      }
    },
    "textCase": {
      "none": {
        "value": "none",
        "type": "textCase"
      },
      "uppercase": {
        "value": "uppercase",
        "type": "textCase"
      }
    },
    "textDecoration": {
      "none": {
        "value": "none",
        "type": "textDecoration"
      },
      "underline": {
        "value": "underline",
        "type": "textDecoration"
      }
    },
    "shape": {
      "borderRadius": {
        "value": "4px",
        "type": "borderRadius"
      }
    },
    "baseFont": {
      "value": "16px",
      "type": "fontSizes"
    }
  },
  "lightMode": {
    "button": {
      "primary": {
        "background": {
          "default": {
            "value": "{palette.primary.dark}",
            "type": "color"
          },
          "hover": {
            "value": "{palette.primary.main}",
            "type": "color"
          },
          "disabled": {
            "value": "{palette.action.disabledBackground}",
            "type": "color"
          }
        },
        "label": {
          "disabled": {
            "value": "{palette.text.disabled}",
            "type": "color"
          },
          "contrast": {
            "value": "{palette.primary.contrastText}",
            "type": "color"
          }
        },
        "large": {
          "value": "40px",
          "type": "sizing"
        },
        "medium": {
          "value": "32px",
          "type": "sizing"
        },
        "small": {
          "value": "24px",
          "type": "sizing"
        }
      },
      "secondary": {
        "label": {
          "default": {
            "value": "{palette.primary.main}",
            "type": "color"
          },
          "disabled": {
            "value": "{palette.text.disabled}",
            "type": "color"
          },
          "contrast": {
            "value": "{palette.primary.contrastText}",
            "type": "color"
          }
        },
        "background": {
          "hover": {
            "value": "{palette.secondary.dark}",
            "type": "color"
          },
          "default": {
            "value": "{palette.secondary.main}",
            "type": "color"
          },
          "disabled": {
            "value": "{palette.action.disabledBackground}",
            "type": "color"
          }
        }
      },
      "tertiary": {
        "border": {
          "default": {
            "value": "{palette.primary.main}",
            "type": "color"
          },
          "disabled": {
            "value": "{palette.action.disabledBackground}",
            "type": "color"
          }
        },
        "background": {
          "hover": {
            "value": "{palette.gray.300}",
            "type": "color"
          },
          "default": {
            "value": "{palette.primary.dark}",
            "type": "color"
          }
        },
        "label": {
          "contrast": {
            "value": "{palette.primary.main}",
            "type": "color"
          },
          "disabled": {
            "value": "{palette.text.disabled}",
            "type": "color"
          }
        }
      }
    },
    "footer": {
      "background": {
        "default": {
          "value": "{palette.primary.dark}",
          "type": "color"
        }
      },
      "text": {
        "default": {
          "value": "{palette.primary.contrastText}",
          "type": "color"
        }
      }
    },
    "form": {
      "default": {
        "value": "48px",
        "type": "sizing"
      },
      "input": {
        "label": {
          "default": {
            "value": "{palette.text.primary}",
            "type": "color"
          }
        },
        "background": {
          "default": {
            "value": "{common.white}",
            "type": "color"
          }
        },
        "helper": {
          "default": {
            "value": "{palette.text.secondary}",
            "type": "color"
          },
          "error": {
            "value": "{palette.error.main}",
            "type": "color"
          }
        },
        "border": {
          "default": {
            "value": "{palette.gray.400}",
            "type": "color"
          },
          "focus": {
            "value": "{palette.info.main}",
            "type": "color"
          },
          "error": {
            "value": "{palette.error.main}",
            "type": "color"
          }
        },
        "text": {
          "default": {
            "value": "{palette.gray.600}",
            "type": "color"
          },
          "error": {
            "value": "{palette.error.main}",
            "type": "color"
          }
        },
        "dropshadow": {
          "focus": {
            "value": {
              "x": "0",
              "y": "0",
              "blur": "4",
              "spread": "4",
              "color": "{palette.info.main}",
              "type": "dropShadow"
            },
            "type": "boxShadow"
          }
        }
      }
    },
    "accordion": {
      "border": {
        "default": {
          "value": "{palette.text.primary}",
          "type": "color"
        }
      },
      "background": {
        "focus": {
          "value": "{palette.gray.200}",
          "type": "color"
        }
      },
      "text": {
        "default": {
          "value": "{palette.text.primary}",
          "type": "color"
        }
      }
    },
    "infobar": {
      "background": {
        "value": "{common.black}",
        "type": "color"
      },
      "label": {
        "value": "{palette.primary.contrastText}",
        "type": "color"
      }
    },
    "palette": {
      "text": {
        "primary": {
          "value": "{common.black}",
          "type": "color"
        }
      },
      "other": {
        "divider": {
          "value": "{palette.gray.700}",
          "type": "color"
        }
      }
    },
    "background": {
      "default": {
        "value": "{common.white}",
        "type": "color"
      }
    },
    "card": {
      "background": {
        "value": "{common.white}",
        "type": "color"
      },
      "border": {
        "value": "{palette.primary.main}",
        "type": "color"
      }
    },
    "uppercase": {
      "value": {
        "textCase": "{textCase.uppercase}"
      },
      "type": "typography"
    },
    "showcard": {
      "card": {
        "background": {
          "value": "{palette.gray.100}",
          "type": "color"
        }
      },
      "infobar": {
        "background": {
          "value": "{common.black}",
          "type": "color"
        },
        "contrastText": {
          "value": "{common.white}",
          "type": "color"
        },
        "contrastText-copy": {
          "value": "{common.white}",
          "type": "color"
        }
      }
    }
  },
  "darkMode": {
    "button": {
      "primary": {
        "background": {
          "default": {
            "value": "{common.white}",
            "type": "color"
          },
          "hover": {
            "value": "{palette.gray.300}",
            "type": "color"
          },
          "disabled": {
            "value": "{palette.action.disabledBackground}",
            "type": "color"
          }
        },
        "label": {
          "contrast": {
            "value": "{palette.primary.dark}",
            "type": "color"
          }
        }
      },
      "text": {
        "background": {
          "hover": {
            "value": "rgba($palette.primary.light, 0.5)",
            "type": "color"
          }
        },
        "label": {
          "default": {
            "value": "$common.white",
            "type": "color"
          },
          "disabled": {
            "value": "$palette.text.disabled",
            "type": "color"
          }
        }
      },
      "tertiary": {
        "background": {
          "hover": {
            "value": "rgba($common.white, 0.7)",
            "type": "color"
          },
          "default": {
            "value": "{common.white}",
            "type": "color"
          }
        },
        "label": {
          "contrast": {
            "value": "{common.white}",
            "type": "color"
          }
        }
      }
    },
    "card": {
      "background": {
        "value": "{common.black}",
        "type": "color"
      },
      "border": {
        "value": "{common.white}",
        "type": "color"
      }
    },
    "background": {
      "default": {
        "value": "{palette.primary.main}",
        "type": "color"
      }
    },
    "infobar": {
      "background": {
        "value": "{common.black}",
        "type": "color"
      },
      "label": {
        "value": "{palette.primary.contrastText}",
        "type": "color"
      }
    },
    "footer": {
      "text": {
        "default": {
          "value": "{palette.primary.contrastText}",
          "type": "color"
        }
      }
    },
    "palette": {
      "text": {
        "primary": {
          "value": "{common.white}",
          "type": "color"
        }
      },
      "other": {
        "divider": {
          "value": "{common.white}",
          "type": "color"
        }
      }
    },
    "showcard": {
      "card": {
        "background": {
          "value": "{common.black}",
          "type": "color"
        }
      },
      "infobar": {
        "background": {
          "value": "{common.white}",
          "type": "color"
        },
        "contrastText": {
          "value": "{common.black}",
          "type": "color"
        }
      }
    },
    "form": {
      "input": {
        "label": {
          "default": {
            "value": "{common.white}",
            "type": "color"
          }
        },
        "helper": {
          "default": {
            "value": "{common.white}",
            "type": "color"
          }
        }
      }
    }
  },
  "$themes": [
    {
      "id": "4b6455e945adf408d825b010f8f7841f02a6018b",
      "name": "Hudson",
      "selectedTokenSets": {
        "lightMode": "enabled",
        "darkMode": "enabled",
        "palette (Hudson)": "source"
      },
      "$figmaStyleReferences": {}
    }
  ],
  "$metadata": {
    "tokenSetOrder": [
      "palette (Hudson)",
      "lightMode",
      "darkMode"
    ]
  }
}